{
  "project_info": {
    "project_number": "137805387608",
    "project_id": "feel-good-f8768",
    "storage_bucket": "feel-good-f8768.appspot.com"
  },
  "client": [
    {
      "client_info": {
        "mobilesdk_app_id": "1:137805387608:android:8630aa1436076aa973f72d",
        "android_client_info": {
          "package_name": "com.rizwanhuzefa.feelgood"
        }
      },
      "oauth_client": [],
      "api_key": [
        {
          "current_key": "AIzaSyD_Z5XVeV5ELqYGD14RkqW4F00JKwS8kaA"
        }
      ],
      "services": {
        "appinvite_service": {
          "other_platform_oauth_client": []
        }
      }
    }
  ],
  "configuration_version": "1"
}